--
-- PostgreSQL database dump
--

-- Dumped from database version 16.2 (Ubuntu 16.2-1.pgdg22.04+1)
-- Dumped by pg_dump version 16.2 (Ubuntu 16.2-1.pgdg22.04+1)

SET statement_timeout = 0;
SET lock_timeout = 0;
SET idle_in_transaction_session_timeout = 0;
SET client_encoding = 'UTF8';
SET standard_conforming_strings = on;
SELECT pg_catalog.set_config('search_path', '', false);
SET check_function_bodies = false;
SET xmloption = content;
SET client_min_messages = warning;
SET row_security = off;

--
-- Name: postgis; Type: EXTENSION; Schema: -; Owner: -
--

CREATE EXTENSION IF NOT EXISTS postgis WITH SCHEMA public;


--
-- Name: EXTENSION postgis; Type: COMMENT; Schema: -; Owner: 
--

COMMENT ON EXTENSION postgis IS 'PostGIS geometry and geography spatial types and functions';


SET default_tablespace = '';

SET default_table_access_method = heap;

--
-- Name: categorias; Type: TABLE; Schema: public; Owner: postgres
--

CREATE TABLE public.categorias (
    id integer NOT NULL,
    nombre text,
    slug text
);


ALTER TABLE public.categorias OWNER TO postgres;

--
-- Name: categorias_id_seq; Type: SEQUENCE; Schema: public; Owner: postgres
--

CREATE SEQUENCE public.categorias_id_seq
    AS integer
    START WITH 1
    INCREMENT BY 1
    NO MINVALUE
    NO MAXVALUE
    CACHE 1;


ALTER SEQUENCE public.categorias_id_seq OWNER TO postgres;

--
-- Name: categorias_id_seq; Type: SEQUENCE OWNED BY; Schema: public; Owner: postgres
--

ALTER SEQUENCE public.categorias_id_seq OWNED BY public.categorias.id;


--
-- Name: comentarios; Type: TABLE; Schema: public; Owner: postgres
--

CREATE TABLE public.comentarios (
    id integer NOT NULL,
    mensaje text,
    "usuarioId" integer,
    "meetiId" uuid
);


ALTER TABLE public.comentarios OWNER TO postgres;

--
-- Name: comentarios_id_seq; Type: SEQUENCE; Schema: public; Owner: postgres
--

CREATE SEQUENCE public.comentarios_id_seq
    AS integer
    START WITH 1
    INCREMENT BY 1
    NO MINVALUE
    NO MAXVALUE
    CACHE 1;


ALTER SEQUENCE public.comentarios_id_seq OWNER TO postgres;

--
-- Name: comentarios_id_seq; Type: SEQUENCE OWNED BY; Schema: public; Owner: postgres
--

ALTER SEQUENCE public.comentarios_id_seq OWNED BY public.comentarios.id;


--
-- Name: grupos; Type: TABLE; Schema: public; Owner: postgres
--

CREATE TABLE public.grupos (
    id uuid DEFAULT 'cab50caa-6ac0-412c-881a-7542e546d8cf'::uuid NOT NULL,
    nombre text NOT NULL,
    descripcion text NOT NULL,
    url text,
    imagen text,
    "createdAt" timestamp with time zone NOT NULL,
    "updatedAt" timestamp with time zone NOT NULL,
    "categoriaId" integer,
    "usuarioId" integer
);


ALTER TABLE public.grupos OWNER TO postgres;

--
-- Name: meetis; Type: TABLE; Schema: public; Owner: postgres
--

CREATE TABLE public.meetis (
    id uuid DEFAULT 'aeea4d2f-db75-4969-b888-41c42ad67081'::uuid NOT NULL,
    titulo character varying(255) NOT NULL,
    slug character varying(255),
    invitado character varying(255),
    cupo integer DEFAULT 0,
    descripcion text NOT NULL,
    fecha date NOT NULL,
    hora time without time zone NOT NULL,
    direccion character varying(255) NOT NULL,
    ciudad character varying(255) NOT NULL,
    estado character varying(255) NOT NULL,
    pais character varying(255) NOT NULL,
    ubicacion public.geometry(Point),
    interesados integer[] DEFAULT ARRAY[]::integer[],
    "createdAt" timestamp with time zone NOT NULL,
    "updatedAt" timestamp with time zone NOT NULL,
    "usuarioId" integer,
    "grupoId" uuid
);


ALTER TABLE public.meetis OWNER TO postgres;

--
-- Name: usuarios; Type: TABLE; Schema: public; Owner: postgres
--

CREATE TABLE public.usuarios (
    id integer NOT NULL,
    nombre character varying(60),
    imagen character varying(60),
    descripcion text,
    email character varying(30) NOT NULL,
    password character varying(60) NOT NULL,
    activo boolean DEFAULT false,
    "tokenPassword" character varying(255),
    "expiraToken" timestamp with time zone,
    "createdAt" timestamp with time zone NOT NULL,
    "updatedAt" timestamp with time zone NOT NULL
);


ALTER TABLE public.usuarios OWNER TO postgres;

--
-- Name: usuarios_id_seq; Type: SEQUENCE; Schema: public; Owner: postgres
--

CREATE SEQUENCE public.usuarios_id_seq
    AS integer
    START WITH 1
    INCREMENT BY 1
    NO MINVALUE
    NO MAXVALUE
    CACHE 1;


ALTER SEQUENCE public.usuarios_id_seq OWNER TO postgres;

--
-- Name: usuarios_id_seq; Type: SEQUENCE OWNED BY; Schema: public; Owner: postgres
--

ALTER SEQUENCE public.usuarios_id_seq OWNED BY public.usuarios.id;


--
-- Name: categorias id; Type: DEFAULT; Schema: public; Owner: postgres
--

ALTER TABLE ONLY public.categorias ALTER COLUMN id SET DEFAULT nextval('public.categorias_id_seq'::regclass);


--
-- Name: comentarios id; Type: DEFAULT; Schema: public; Owner: postgres
--

ALTER TABLE ONLY public.comentarios ALTER COLUMN id SET DEFAULT nextval('public.comentarios_id_seq'::regclass);


--
-- Name: usuarios id; Type: DEFAULT; Schema: public; Owner: postgres
--

ALTER TABLE ONLY public.usuarios ALTER COLUMN id SET DEFAULT nextval('public.usuarios_id_seq'::regclass);


--
-- Data for Name: categorias; Type: TABLE DATA; Schema: public; Owner: postgres
--

COPY public.categorias (id, nombre, slug) FROM stdin;
1	Programación	programacion
2	Diseño	diseno
3	Negocios y Emprendimiento	negocios-y-emprendimiento
4	Moda y Estilo	moda-y-estilo
5	Salud y Ejercicio	salud-y-ejercicio
6	Fotografía y Viajes	fotografia-y-viajes
7	Comida y Bebidas	comida-y-bebidas
8	Diseño y Arquitectura	diseno-y-arquitectura
9	Café	cafe
10	Cine y Películas	cine-y-peliculas
11	Libros	libros
12	Aprendizaje	aprendizaje
\.


--
-- Data for Name: comentarios; Type: TABLE DATA; Schema: public; Owner: postgres
--

COPY public.comentarios (id, mensaje, "usuarioId", "meetiId") FROM stdin;
1	Hola!	2	73183eb3-1f3c-41c2-8f2d-53ed2fc13987
2	Buen día!	3	73183eb3-1f3c-41c2-8f2d-53ed2fc13987
3	Hola, la meeti esta confirmada!	1	73183eb3-1f3c-41c2-8f2d-53ed2fc13987
\.


--
-- Data for Name: grupos; Type: TABLE DATA; Schema: public; Owner: postgres
--

COPY public.grupos (id, nombre, descripcion, url, imagen, "createdAt", "updatedAt", "categoriaId", "usuarioId") FROM stdin;
b482d5df-63d2-42d3-842b-afc21118acdb	NodeJS México	<div>Hola, somo la comunidad <strong>NodeJS México</strong></div>	https://www.nodejsmx.com	YWJC9ZmVf.jpeg	2024-03-27 18:23:55.426-04	2024-03-27 18:23:55.426-04	1	1
3b69dd5c-9b1a-4bc6-a5ce-4c234c1f6bc7	JavaScript Moderno	<div>Esto es un grupo de JavaScript Moderno</div>	https://www.jsmoderno.com	7zYfHtNHb.jpeg	2024-03-28 12:39:29.532-04	2024-03-28 12:39:29.532-04	1	1
582a548e-cc98-4fbf-b673-c225685f944b	Diseño UX/UI	<div>Esto es la comunidad de <strong>Diseño UX/UI</strong></div>	https://www.disenioux.com	-EDFapnrR.jpeg	2024-03-28 12:41:22.504-04	2024-03-28 12:41:22.504-04	2	1
\.


--
-- Data for Name: meetis; Type: TABLE DATA; Schema: public; Owner: postgres
--

COPY public.meetis (id, titulo, slug, invitado, cupo, descripcion, fecha, hora, direccion, ciudad, estado, pais, ubicacion, interesados, "createdAt", "updatedAt", "usuarioId", "grupoId") FROM stdin;
6235fac2-7fd0-4dd8-b3bc-afb8376e92d6	GraphQL, MongoDB y NodeJS	graphql-mongodb-y-nodejs-6vLXBDRoK	Adriano Ayala	20	<div>Esto es una meeti de GraphQL, MongoDB y NodeJS</div>	2024-04-01	07:00:00	Avenida Libertador Simón Bolívar	Cochabamba	Cochabamba	Bolivia	0101000020E6100000A49418FD8C5F31C0F21AA69A658A50C0	{}	2024-03-28 14:28:07.531-04	2024-03-28 14:28:07.531-04	1	b482d5df-63d2-42d3-842b-afc21118acdb
d7ba68e5-1d19-48bc-b3f4-b215ca2f9ba6	Introducción a JavaScript	introduccion-a-javascript-H3yCSBMj3	Adriano Ayala	30	<div>Meeti de Intruducción a JavaScript</div>	2024-04-02	09:00:00	Avenida Circunvalación	Cochabamba	Cochabamba	Bolivia	0101000020E6100000ADC6B64C825F31C00345BC7F8F8B50C0	{}	2024-03-28 14:29:52.281-04	2024-03-28 14:29:52.281-04	1	3b69dd5c-9b1a-4bc6-a5ce-4c234c1f6bc7
43f777d4-064a-404d-a16e-53d84f22584f	Fundamentos de Diseño UX	fundamentos-de-diseno-ux-6YmpHjK6U	Carla Nogales	15	<div>Meeti de Fundamentos de Diseño UX</div>	2024-04-03	12:00:00	Avenida Uyuni	Cochabamba	Cochabamba	Bolivia	0101000020E6100000E8687102176131C020B1BE9CBC8950C0	{}	2024-03-28 14:31:42.699-04	2024-03-28 14:31:42.699-04	1	582a548e-cc98-4fbf-b673-c225685f944b
b076acb3-c17e-4abe-8427-fa88fc7b013c	Creando el primer App con JavaScript	creando-el-primer-app-con-javascript-8_wk_jUau	Adriano Ayala	0	<div>Meeti donde se creará un app en JavaScript desde cero</div>	2024-04-02	19:00:00	Avenida Libertador Simón Bolívar	Cochabamba	Cochabamba	Bolivia	0101000020E6100000F5814803E16031C06225A3B04E8A50C0	{}	2024-03-28 14:36:11.696-04	2024-03-28 14:36:11.696-04	1	3b69dd5c-9b1a-4bc6-a5ce-4c234c1f6bc7
18cb47c5-8656-46c2-9997-4fee348876c5	Introducción a NodeJS	intruduccion-a-nodejs-WXCJqFkxS	Virctor Gonzales	25	<div>Meeti de intruducción a NodeJS</div>	2024-03-26	12:00:00	Calle Antofagasta	Cochabamba	Cochabamba	Bolivia	0101000020E610000023B670720D6231C0BF739E488D8B50C0	{}	2024-03-28 14:37:27.031-04	2024-03-28 14:37:27.031-04	1	b482d5df-63d2-42d3-842b-afc21118acdb
bf578ce6-524d-44af-bcd7-dc8172f16e99	Introducción a JavaScript	intruduccion-a-javascript-uNhQhtCfX	Diana Rosales	14	<div>Este meeti es de Introducción a JavaScript</div>	2024-03-24	21:00:00	Avenida Félix Araníbar	Cochabamba	Cochabamba	Bolivia	0101000020E6100000C0481E3E9F6131C044FF5FD09D8A50C0	{}	2024-03-28 14:39:03.726-04	2024-03-28 14:39:03.726-04	1	3b69dd5c-9b1a-4bc6-a5ce-4c234c1f6bc7
73183eb3-1f3c-41c2-8f2d-53ed2fc13987	ORM's de MySQL y MongoDB en NodeJS	orms-de-mysql-y-mongodb-en-nodejs-KDc5SLURN	Nicol Rodriguez	10	<div>Introducción a ORM's de MySQL y MongoDB en NodeJS</div>	2024-04-03	17:00:00	Avenida Juan de la Rosa	Cochabamba	Cochabamba	Bolivia	0101000020E6100000BA9F5994A66031C04E376001CD8A50C0	{2,3,1}	2024-03-28 14:34:17.061-04	2024-03-29 10:29:21.776-04	1	b482d5df-63d2-42d3-842b-afc21118acdb
\.


--
-- Data for Name: spatial_ref_sys; Type: TABLE DATA; Schema: public; Owner: postgres
--

COPY public.spatial_ref_sys (srid, auth_name, auth_srid, srtext, proj4text) FROM stdin;
\.


--
-- Data for Name: usuarios; Type: TABLE DATA; Schema: public; Owner: postgres
--

COPY public.usuarios (id, nombre, imagen, descripcion, email, password, activo, "tokenPassword", "expiraToken", "createdAt", "updatedAt") FROM stdin;
1	Adriano A	A3-Lc3Eak.jpeg	<div>Mi biografia</div>	adriano@correo.com	$2a$10$mQiPKMVLrDMXz.sIg2vFFuEvys/0exYHrAHNgWs1tEN2giWZ6c3fa	t	\N	\N	2024-03-27 18:20:56.422-04	2024-03-28 00:10:47.641-04
3	Diana	\N	\N	diana@correo.com	$2a$10$Fy5PGNh6rSdixv3unSf5JuPjeWaB1w6KkVvOL.pNaWNG7S3GI5Weu	t	\N	\N	2024-03-29 10:07:47.993-04	2024-03-29 10:07:47.993-04
2	Daniela	\N	\N	daniela@correo.com	$2a$10$QlUEbgXSLpT7vpw8yBgdoeRv0TiJSEUN/BxPCEAfBrrj86SLli4D.	t	\N	\N	2024-03-28 23:07:37.893-04	2024-03-28 23:09:48.531-04
\.


--
-- Name: categorias_id_seq; Type: SEQUENCE SET; Schema: public; Owner: postgres
--

SELECT pg_catalog.setval('public.categorias_id_seq', 1, false);


--
-- Name: comentarios_id_seq; Type: SEQUENCE SET; Schema: public; Owner: postgres
--

SELECT pg_catalog.setval('public.comentarios_id_seq', 3, true);


--
-- Name: usuarios_id_seq; Type: SEQUENCE SET; Schema: public; Owner: postgres
--

SELECT pg_catalog.setval('public.usuarios_id_seq', 3, true);


--
-- Name: categorias categorias_pkey; Type: CONSTRAINT; Schema: public; Owner: postgres
--

ALTER TABLE ONLY public.categorias
    ADD CONSTRAINT categorias_pkey PRIMARY KEY (id);


--
-- Name: comentarios comentarios_pkey; Type: CONSTRAINT; Schema: public; Owner: postgres
--

ALTER TABLE ONLY public.comentarios
    ADD CONSTRAINT comentarios_pkey PRIMARY KEY (id);


--
-- Name: grupos grupos_pkey; Type: CONSTRAINT; Schema: public; Owner: postgres
--

ALTER TABLE ONLY public.grupos
    ADD CONSTRAINT grupos_pkey PRIMARY KEY (id);


--
-- Name: meetis meetis_pkey; Type: CONSTRAINT; Schema: public; Owner: postgres
--

ALTER TABLE ONLY public.meetis
    ADD CONSTRAINT meetis_pkey PRIMARY KEY (id);


--
-- Name: usuarios usuarios_email_key; Type: CONSTRAINT; Schema: public; Owner: postgres
--

ALTER TABLE ONLY public.usuarios
    ADD CONSTRAINT usuarios_email_key UNIQUE (email);


--
-- Name: usuarios usuarios_pkey; Type: CONSTRAINT; Schema: public; Owner: postgres
--

ALTER TABLE ONLY public.usuarios
    ADD CONSTRAINT usuarios_pkey PRIMARY KEY (id);


--
-- Name: comentarios comentarios_meetiId_fkey; Type: FK CONSTRAINT; Schema: public; Owner: postgres
--

ALTER TABLE ONLY public.comentarios
    ADD CONSTRAINT "comentarios_meetiId_fkey" FOREIGN KEY ("meetiId") REFERENCES public.meetis(id) ON UPDATE CASCADE ON DELETE SET NULL;


--
-- Name: comentarios comentarios_usuarioId_fkey; Type: FK CONSTRAINT; Schema: public; Owner: postgres
--

ALTER TABLE ONLY public.comentarios
    ADD CONSTRAINT "comentarios_usuarioId_fkey" FOREIGN KEY ("usuarioId") REFERENCES public.usuarios(id) ON UPDATE CASCADE ON DELETE SET NULL;


--
-- Name: meetis meetis_grupoId_fkey; Type: FK CONSTRAINT; Schema: public; Owner: postgres
--

ALTER TABLE ONLY public.meetis
    ADD CONSTRAINT "meetis_grupoId_fkey" FOREIGN KEY ("grupoId") REFERENCES public.grupos(id) ON UPDATE CASCADE ON DELETE SET NULL;


--
-- PostgreSQL database dump complete
--

